INSERT INTO education ( educ_name)
VALUES
    ('без образования'),
    ('начальное'),
    ('основное общее (9 кл)'),
    ('среднее общее (11 кл)'),
    ('среднее профессиональное (колледж)'),
    ('Высшее (бакалавриат)'),
    ('Высшее (специалитет)'),
    ('Высшее (магистратура)');

INSERT INTO person (first_name, last_name, sur_name, education_id, home_address, search_status)
VALUES
    ('Зайцев', 'Артём', 'Михайлович', 4, '534660, Новосибирская область, город Дорохово, наб. Ленина, 81', 'не ищет'),
    ('Орлов', 'Илья', 'Артёмович', 1, '743923, Амурская область, город Люберцы, пр. Ленина, 12', 'не ищет'),
    ('Михайлова', 'Ксения', 'Фёдоровна', 7, '777892, Архангельская область, город Талдом, бульвар Косиора, 60', 'ищет работу'),
    ('Киселев', 'Степан', 'Демидович', 6, '650879, Челябинская область, город Балашиха, въезд Будапештсткая, 20', 'ищет работу'),
    ('Медведев', 'Матвей', 'Максимович', 7, '993270, Калужская область, город Чехов, бульвар Будапештсткая, 73', 'открыт к предложениям'),
    ('Галкин', 'Денис', 'Михайлович', 1, '754668, Липецкая область, город Подольск, бульвар Космонавтов, 20', 'не ищет'),
    ('Козлова', 'Ульяна', 'Давидовна', 4, '594405, Астраханская область, город Ступино, бульвар Домодедовская, 10', 'не ищет'),
    ('Новиков', 'Максим', 'Ильич', 4, '285520, Нижегородская область, город Клин, пл. Ленина, 07', 'открыт к предложениям'),
    ('Зверев', 'Глеб', 'Миронович', 2, '570673, Саратовская область, город Серпухов, пр. Ленина, 00', 'не ищет'),
    ('Голубев', 'Дамир', 'Ильич', 4, '638650, Ленинградская область, город Щёлково, бульвар 1905 года, 60', 'не ищет'),
    ('Токарев', 'Илья', 'Владимирович', 6, '922517, Саратовская область, город Раменское, пл. Ленина, 44', 'не ищет'),
    ('Владимирова', 'Алиса', 'Сергеевна', 5, '350150, Владимирская область, город Дорохово, бульвар Домодедовская, 92', 'не ищет'),
    ('Дубровин', 'Даниил', 'Фёдорович', 7, '530292, Архангельская область, город Зарайск, шоссе Косиора, 10', 'не ищет'),
    ('Добрынина', 'Дарья', 'Павловна', 4, '265913, Смоленская область, город Подольск, шоссе Косиора, 27', 'ищет работу'),
    ('Морозова', 'Ева', 'Викторовна', 5, '918848, Тамбовская область, город Чехов, пл. Сталина, 19', 'не ищет'),
    ('Беликова', 'София', 'Ивановна', 3, '023189, Архангельская область, город Мытищи, проезд Гагарина, 62', 'открыт к предложениям'),
    ('Румянцева', 'Ирина', 'Тимуровна', 7, '592049, Кемеровская область, город Дорохово, ул. Гоголя, 58', 'ищет работу'),
    ('Калашникова', 'Александра', 'Тимофеевна', 2, '189442, Ульяновская область, город Лотошино, наб. Славы, 15', 'не ищет'),
    ('Смирнов', 'Алексей', 'Андреевич', 4, '972652, Костромская область, город Сергиев Посад, спуск Бухарестская, 56', 'не ищет'),
    ('Бычкова', 'Таисия', 'Егоровна', 8, '968810, Кировская область, город Шаховская, пл. Гоголя, 71', 'ищет работу');

INSERT INTO resume (person_id, position, desired_salary, experience)
VALUES
    (1, 'Специалист по ИБ', 126000, 9.9),
    (2, 'Специалист по ИБ', 204000, 8.7),
    (3, 'DevOps', 196000, 7.7),
    (3, 'Программист 1С', 79000, 7.7),
    (3, 'Программист Android (java)', 80000, 7.7),
    (4, 'DevOps', 149000, 2.6),
    (4, 'Программист Python', 292000, 2.6),
    (5, 'HTML-верстальщик', 165000, 5.4),
    (5, 'Программист 1С', 101000, 5.4),
    (6, 'Программист Unreal Engine (С++)', 233000, 9.2),
    (6, 'Руководитель отдела IT (поддержка)', 150000, 9.2),
    (7, 'Программист Unity3d (С#)', 153000, 3.2),
    (7, 'Программист Python', 133000, 3.2),
    (7, 'HTML-верстальщик', 54000, 3.2),
    (8, 'DevOps', 58000, 2.6),
    (8, 'Программист Java', 45000, 2.6),
    (9, 'Специалист по ИБ', 269000, 4.1),
    (9, 'Программист C# (.NET)', 297000, 4.1),
    (11, 'Системный аналитик', 190000, 4.3),
    (12, 'Администратор 1С', 131000, 5.4),
    (13, 'Программист Swift (ObC)', 39000, 3.8),
    (13, 'Web-дизайнер', 78000, 3.8),
    (13, 'Тестировщик', 219000, 3.8),
    (14, 'SEO-специалист', 133000, 8.6),
    (14, 'Администратор 1С', 176000, 8.6),
    (14, 'Программист Unreal Engine (С++)', 289000, 8.6),
    (16, 'Специалист по ИБ', 106000, 3.8),
    (18, 'Программист SQL/Oracle', 141000, 9.6),
    (19, 'Web-дизайнер', 82000, 2.1),
    (19, 'Программист Android (java)', 298000, 2.1),
    (19, 'Программист Unreal Engine (С++)', 117000, 2.1);

INSERT INTO places_of_work (person_id, company, position, salary, start_date, finish_day)
VALUES
    (1, 'Яндекс', 'Программист Android (java)', 225000, '2020-7-1', '2021-2-25'),
    (2, 'Luxoft', 'Администратор 1С', 169000, '2019-11-1', '2020-7-22'),
    (2, 'ВымпелКом (Билайн)', 'Сетевой инженер', 43000, '2020-7-22', '2021-2-26'),
    (3, 'Deutsche Bank', 'Программист Swift (ObC)', 241000, '2018-1-4', '2019-5-11'),
    (3, 'ВымпелКом (Билайн)', 'Программист JavaScript', 196000, '2019-5-11', '2020-6-24'),
    (3, 'EPAM', 'Программист Android (java)', 106000, '2020-6-24', '2021-11-23'),
    (4, 'ВымпелКом (Билайн)', '3D-дизайнер', 156000, '2019-12-26', '2020-11-15'),
    (4, 'ВымпелКом (Билайн)', '3D-дизайнер', 204000, '2020-11-15', '2021-1-18'),
    (6, 'EPAM', 'Программист Ruby', 122000, '2020-10-22', '2021-9-24'),
    (7, 'ВымпелКом (Билайн)', 'HTML-верстальщик', 179000, '2018-6-15', '2019-8-20'),
    (7, 'Home Credit Bank', 'Системный аналитик', 71000, '2019-8-20', '2020-10-22'),
    (7, 'Tinkoff.ru', 'Специалист по ИБ', 51000, '2020-10-22', '2021-7-20'),
    (8, 'Home Credit Bank', 'Программист Unreal Engine (С++)', 95000, '2018-4-18', '2019-5-27'),
    (8, 'ВымпелКом (Билайн)', 'Программист PHP', 291000, '2019-5-27', '2020-5-19'),
    (8, 'Mail.ru Group', 'Программист С++ / C', 220000, '2020-5-19', '2021-9-7'),
    (9, 'АВИТО', 'Специалист по ИБ', 215000, '2020-11-9', '2021-11-13'),
    (10, 'АВИТО', 'Программист Java', 170000, '2020-1-23', '2021-5-27'),
    (11, 'Luxoft', 'Программист JavaScript', 41000, '2018-5-21', '2019-1-18'),
    (11, 'ВымпелКом (Билайн)', 'Программист Android (java)', 187000, '2019-1-18', '2020-11-26'),
    (11, 'Яндекс', 'Программист Python', 78000, '2020-11-26', '2021-5-26'),
    (12, 'Яндекс', 'Тестировщик', 88000, '2019-2-26', '2020-4-26'),
    (12, 'EPAM', 'Тестировщик', 182000, '2020-4-26', '2021-4-11'),
    (13, 'Home Credit Bank', 'Руководитель отдела IT (поддержка)', 208000, '2019-1-1', '2020-8-13'),
    (13, 'EPAM', 'Программист Ruby', 159000, '2020-8-13', '2021-9-16'),
    (14, 'АВИТО', 'Специалист по ИБ', 75000, '2018-8-16', '2019-3-12'),
    (14, 'Яндекс', 'Руководитель отдела IT (поддержка)', 235000, '2019-3-12', '2020-1-13'),
    (14, 'Tinkoff.ru', 'Программист PHP', 221000, '2020-1-13', '2021-3-7'),
    (15, 'Яндекс', 'Тестировщик', 38000, '2020-8-23', '2021-5-24'),
    (16, 'ВымпелКом (Билайн)', 'Web-дизайнер', 185000, '2019-5-17', '2020-10-20'),
    (16, 'ВымпелКом (Билайн)', 'Контент-менеджер', 96000, '2020-10-20', '2021-7-9'),
    (17, 'Яндекс', 'Программист PHP', 106000, '2020-8-9', '2021-3-27'),
    (18, 'Home Credit Bank', 'Программист Python', 73000, '2020-2-25', '2021-6-1'),
    (19, 'Luxoft', 'Программист Unity3d (С#)', 171000, '2018-4-20', '2019-2-11'),
    (19, 'Mail.ru Group', 'Программист 1С', 271000, '2019-2-11', '2020-5-12'),
    (19, 'Яндекс', 'Специалист по ИБ', 154000, '2020-5-12', '2021-6-4'),
    (20, 'ВымпелКом (Билайн)', 'Web-дизайнер', 221000, '2020-2-8', '2021-1-6');

INSERT INTO company (name, full_name)
VALUES
    ('ВымпелКом (Билайн)', 'Публичное акционерное общество "Вымпел-коммуникации"'),
    ('Luxoft', 'Luxoft, a DXC Technology Company'),
    ('EPAM', 'EPAM Systems, Inc'),
    ('Яндекс', 'ОБЩЕСТВО С ОГРАНИЧЕННОЙ ОТВЕТСТВЕННОСТЬЮ "ЯНДЕКС"'),
    ('Tinkoff.ru', 'Акционерное общество "Тинькофф Банк"'),
    ('Deutsche Bank', '"Дойче Банк" Общество с ограниченной ответственностью'),
    ('Mail.ru Group', 'ОБЩЕСТВО С ОГРАНИЧЕННОЙ ОТВЕТСТВЕННОСТЬЮ "МЭЙЛ.РУ ГРУП"'),
    ('Компания БКС', 'Общество с ограниченной ответственностью "Компания Брокеркредитсервис"'),
    ('Home Credit Bank', 'Общество с ограниченной ответственностью "Хоум Кредит энд Финанс Банк"'),
    ('АВИТО', 'ОБЩЕСТВО С ОГРАНИЧЕННОЙ ОТВЕТСТВЕННОСТЬЮ "АВИТО ХОЛДИНГ"'),
    ('Ozon', 'Общество с ограниченной ответственностью "Интернет Решения"');

INSERT INTO vacancies (company_id, position, offered_salary, experience, required_education)
VALUES
    (1, 'Программист Java', 142000, 4.9, 8),
    (1, 'Программист Ruby', 268000, 8.7, 5),
    (1, 'Программист С++ / C', 182000, 4.2, 8),
    (2, 'Руководитель отдела IT (поддержка)', 133000, 5.3, 7),
    (2, 'Системный администратор', 201000, 1.8, 8),
    (2, 'Программист JavaScript', 182000, 4.7, 5),
    (3, 'Тестировщик', 93000, 6.2, 5),
    (4, 'Программист Unity3d (С#)', 44000, 4.4, 5),
    (4, 'Сетевой инженер', 169000, 6.7, 8),
    (4, 'Руководитель отдела IT (поддержка)', 60000, 6.0, 6),
    (4, 'Специалист по ИБ', 180000, 7.4, 8),
    (5, 'Менеджер интернет-проектов', 287000, 6.0, 6),
    (5, 'Программист Ruby', 268000, 4.1, 7),
    (6, 'Программист Ruby', 100000, 5.1, 7),
    (6, 'SEO-специалист', 95000, 7.2, 7),
    (6, 'DevOps', 288000, 8.3, 8),
    (7, 'Программист Android (java)', 190000, 9.5, 6),
    (7, 'Программист Android (java)', 104000, 0.0, 8),
    (7, 'Программист Swift (ObC)', 114000, 1.0, 6),
    (7, 'DevOps', 214000, 5.3, 5),
    (8, 'Руководитель отдела IT (поддержка)', 126000, 8.5, 8),
    (8, 'HTML-верстальщик', 95000, 8.2, 8),
    (8, 'Системный аналитик', 121000, 9.8, 6),
    (8, 'Программист C# (.NET)', 230000, 9.3, 6),
    (8, 'Программист 1С', 290000, 8.4, 5),
    (9, 'Администратор 1С', 60000, 2.2, 8),
    (9, 'Программист C# (.NET)', 227000, 8.1, 7),
    (9, 'Программист С++ / C', 261000, 0.5, 8),
    (9, 'Программист JavaScript', 162000, 5.5, 8),
    (10, 'Руководитель отдела IT (поддержка)', 69000, 9.3, 7),
    (10, 'Программист Python', 239000, 5.8, 6),
    (10, 'Системный администратор', 280000, 2.1, 8),
    (10, 'Программист Unity3d (С#)', 114000, 5.2, 8),
    (11, 'Программист Unreal Engine (С++)', 267000, 4.6, 7);